{
 "Debug info": "unregistered",
 "Device ID": 0,
 "Description": "2.22.2.73",
 "Version": "2.22.2.73",
 "App": "com.whatsapp",
 "MDEnabled": false,
 "HasMdCompanion": false,
 "LC": "GB",
 "LG": "en",
 "Context": "blocked +94760390292",
 "Carrier": "Dialog",
 "Manufacturer": "samsung",
 "Model": "SM-M025F",
 "CPU ABI": "armeabi-v7a",
 "OS": "11",
 "Socket Conn": "DN",
 "Radio MCC-MNC": "413-02",
 "SIM MCC-MNC": "413-02",
 "Free Space Built-In": "46021230592 (46.02 GB)",
 "Free Space Removable": "46000254976 (46.00 GB)",
 "FAQ Results Returned": 17,
 "FAQ Results Read": 0,
 "Smb count": "0",
 "Ent count": "0",
 "CCode": " ",
 "Target": "release",
 "Product": "a02qins",
 "Device": "a02q",
 "Build": "RP1A.200720.012.M025FXXS3BVA2",
 "Board": "QC_Reference_Phone",
 "Kernel": "Unknown release unknown version",
 "Connection": "M.O.B.I.L.E. (L.T.E.)",
 "Device ISO8601": "2022-07-02 06:57:47.724+0530",
 "Phone Type": "G.S.M.",
 "Network Type": "U.N.K.N.O.W.N.",
 "Missing Permissions": "android.permission.READ_PHONE_STATE, android.permission.READ_PHONE_NUMBERS, android.permission.RECEIVE_SMS, android.permission.SYSTEM_ALERT_WINDOW, android.permission.GET_ACCOUNTS, android.permission.ACCESS_COARSE_LOCATION, android.permission.ACCESS_FINE_LOCATION, android.permission.CAMERA, android.permission.INSTALL_SHORTCUT, android.permission.READ_CONTACTS, android.permission.RECORD_AUDIO, android.permission.SEND_SMS, android.permission.WRITE_CONTACTS, android.permission.REQUEST_INSTALL_PACKAGES, com.sec.android.provider.badge.permission.WRITE, com.htc.launcher.permission.READ_SETTINGS, com.htc.launcher.permission.UPDATE_SHORTCUT, com.sonyericsson.home.permission.BROADCAST_BADGE, com.sonymobile.home.permission.PROVIDER_INSERT_BADGE, com.huawei.android.launcher.permission.READ_SETTINGS, com.huawei.android.launcher.permission.WRITE_SETTINGS, com.huawei.android.launcher.permission.CHANGE_BADGE, com.whatsapp.sticker.READ, android.permission.CALL_PHONE, android.permission.ANSWER_PHONE_CALLS, android.permission.READ_CALL_LOG",
 "Architecture": "armv8l",
 "Diagnostic Codes": "FE-GDE FE-GDC FE-VIDC ",
 "Sim": "null 5",
 "Network metered": "704:true",
 "Network restricted": "704:false",
 "Data roaming": "false",
 "Tel roaming": "false",
 "ABprops hash state": "unregistered",
 "Serverprops hash state": "unregistered",
 "Video transcode": "supported",
 "anid": "0d846eca-79d3-44d0-89ef-6d2d5f45519e",
 "XPMigrated": "no",
 "Screen reader": false,
 "Fingerprint eligible": false,
 "Last local backup time": "never",
 "Google account added": false,
 "Groups media visibility": "default",
 "Individual media visibility": "default",
 "In scoped mode": true,
 "Has unexpected .nomedia": false
}